id,name,email
1,Christie,cbramsen0@phoca.cz
2,Antonie,astow1@sciencedirect.com
3,Corella,cbartali2@ftc.gov
4,Nessie,nbronot3@yelp.com
5,Terrance,tmethingam4@sciencedirect.com
6,Lindsay,lcuschieri5@tinyurl.com
7,Carie,cvondrasek6@imdb.com
8,Silvano,slemarquis7@google.ca
9,Carolina,cmillthorpe8@bigcartel.com
10,Kelsy,kstamp9@weebly.com
11,Fiann,falchina@topsy.com
12,Jenda,jtzukerb@dion.ne.jp
13,Rianon,rskedc@cdbaby.com
14,Odo,odoubledayd@irs.gov
15,Tabbi,toboylee@weibo.com
16,Lillis,lisleyf@army.mil
17,Benjamin,bhehlg@china.com.cn
18,Aili,alongriggh@cnbc.com
19,Lisle,lmorridi@exblog.jp
20,Lorette,lwenderottj@narod.ru
21,Charles,cclewleyk@ustream.tv
22,Augustin,amccuddenl@ed.gov
23,Berk,bcordelm@storify.com
24,Barbe,bburln@whitehouse.gov
25,Vinson,vmixtero@zdnet.com
26,Dewie,dmixworthyp@whitehouse.gov
27,Sandye,smasseyq@nih.gov
28,Nesta,nferrettinir@blogtalkradio.com
29,Clay,cfabbris@princeton.edu
30,Fernanda,fwallicet@goodreads.com
31,Abbe,aianelliu@illinois.edu
32,Dorian,dkellingv@latimes.com
33,Morris,mdanellw@ifeng.com
34,Torr,tfaudriex@digg.com
35,Chad,cmily@storify.com
36,Emerson,ewhatmanz@ovh.net
37,Carma,cnoller10@yellowbook.com
38,Angelica,ajodkowski11@jigsy.com
39,Frasier,fding12@upenn.edu
40,Humberto,hkrauss13@jugem.jp
41,Malinda,moverell14@php.net
42,Eloisa,efones15@altervista.org
43,Arielle,ascryne16@ovh.net
44,Marlie,mbrotherton17@csmonitor.com
45,Valentina,vfouldes18@telegraph.co.uk
46,Gratiana,gachrameev19@list-manage.com
47,Diana,dblowing1a@hao123.com
48,Cathee,chlavac1b@quantcast.com
49,Maryanna,mchelley1c@mac.com
50,Emera,emohammed1d@arstechnica.com
51,Alvera,arivallant1e@archive.org
52,Adolphe,alodewick1f@geocities.com
53,Christiane,ccorballis1g@tmall.com
54,Molli,mgreatbach1h@wordpress.org
55,Ansley,ahouchin1i@patch.com
56,Mathilda,mfilson1j@diigo.com
57,Anna-maria,amossdale1k@bbb.org
58,Conrado,cgillmor1l@ebay.co.uk
59,Rena,rbircher1m@ocn.ne.jp
60,Rick,rhounihan1n@elpais.com
61,Darcy,dedeler1o@ameblo.jp
62,Corena,cbarbosa1p@columbia.edu
63,Anastasie,alandrick1q@princeton.edu
64,Kynthia,kkobiela1r@photobucket.com
65,Ninon,nrishworth1s@yellowpages.com
66,Keefe,ktomankowski1t@techcrunch.com
67,Maxim,mocahey1u@buzzfeed.com
68,Ebonee,epiquard1v@macromedia.com
69,Alayne,adryburgh1w@yandex.ru
70,Blanche,bswayte1x@gizmodo.com
71,Spencer,srayer1y@photobucket.com
72,Nita,ncourtier1z@mozilla.org
73,Jessamine,jbeiderbecke20@tmall.com
74,Pattie,plabon21@nationalgeographic.com
75,Sergio,sdrever22@xing.com
76,Anna-maria,anorthgraves23@guardian.co.uk
77,Gunther,gdigance24@lulu.com
78,Forrester,fambrozik25@imdb.com
79,Catarina,cmountjoy26@home.pl
80,Randal,rlashmar27@ocn.ne.jp
81,Kelila,kmoorhead28@squarespace.com
82,Julienne,jsneesby29@xrea.com
83,Thaddeus,tkingswood2a@diigo.com
84,Caresa,chainsworth2b@oracle.com
85,Adelina,aclemetts2c@sfgate.com
86,Eddi,ebrattan2d@prlog.org
87,Ludvig,lcastelow2e@mapy.cz
88,Carolee,csarson2f@toplist.cz
89,Karlotte,kbranscombe2g@yahoo.co.jp
90,Lorain,lgarside2h@patch.com
91,Antoine,apowton2i@1688.com
92,Wilmette,wcottam2j@bandcamp.com
93,Vallie,vrosendahl2k@dmoz.org
94,Merwin,mlockhart2l@list-manage.com
95,Allie,akobelt2m@prnewswire.com
96,Terrence,tfagence2n@cbc.ca
97,Barrett,bottam2o@geocities.com
98,Britta,bwye2p@sbwire.com
99,Merrily,mkippax2q@umich.edu
100,Maggy,mespino2r@discovery.com
101,Ignatius,iarnason2s@phoca.cz
102,Boris,blangtry2t@aboutads.info
103,Ardis,ascarlett2u@nba.com
104,Elwood,eryman2v@devhub.com
105,Kata,kschimoni2w@jalbum.net
106,Bobby,bcaughtry2x@jigsy.com
107,Derick,dbowne2y@over-blog.com
108,Keslie,kjendrach2z@ovh.net
109,Frasier,fkelledy30@sogou.com
110,Natassia,ntattersall31@boston.com
111,Rudyard,rrothera32@prweb.com
112,Marje,mjedrzejkiewicz33@wikimedia.org
113,Dorey,dsherwin34@blogtalkradio.com
114,Kynthia,kpirrie35@census.gov
115,Fedora,fminchell36@hud.gov
116,Corene,cbarnwille37@loc.gov
117,Kerrie,kspeakman38@home.pl
118,Althea,afrary39@soundcloud.com
119,Moshe,msalkeld3a@ed.gov
120,Terrance,tmaccard3b@va.gov
121,Jayne,jcuttle3c@godaddy.com
122,Mendie,mstaning3d@gravatar.com
123,Lula,lramelet3e@nih.gov
124,Townsend,twelldrake3f@toplist.cz
125,Izzy,idamrell3g@wix.com
126,Robbert,rjoffe3h@github.io
127,Mikaela,mburnip3i@printfriendly.com
128,Roby,rpetris3j@vistaprint.com
129,Brandy,bdockree3k@indiatimes.com
130,Janella,jduester3l@cnn.com
131,Maribeth,mcotty3m@eepurl.com
132,Ursulina,ujonathon3n@friendfeed.com
133,Birch,bsebrens3o@sohu.com
134,Lonee,lsholl3p@dell.com
135,Erhart,ecosgrave3q@networkadvertising.org
136,Homere,hjinks3r@tripadvisor.com
137,Michal,mfugere3s@narod.ru
138,Yvor,ydregan3t@merriam-webster.com
139,Ken,kcamplen3u@tripod.com
140,Roshelle,rquinn3v@chronoengine.com
141,Ferne,fmathivon3w@aol.com
142,Alfonso,aswinn3x@ning.com
143,Laurens,lcullington3y@ox.ac.uk
144,Inglebert,icarroll3z@yellowbook.com
145,Fulton,fcatcherside40@geocities.jp
146,Mandi,mbromby41@ucla.edu
147,Leonard,lspennock42@redcross.org
148,Evelyn,ecollidge43@newyorker.com
149,Ninnetta,noddie44@weather.com
150,Wallie,wluddy45@jiathis.com
151,Candide,ccoomes46@go.com
152,Tish,tdiangelo47@miibeian.gov.cn
153,Masha,mliell48@google.co.uk
154,Ana,aorgen49@google.com.hk
155,Petronella,pgeratt4a@creativecommons.org
156,Jane,jmcqueen4b@uol.com.br
157,Stinky,ssaiger4c@hubpages.com
158,Trueman,tduthy4d@msn.com
159,Tamra,tpotteril4e@scribd.com
160,Claudell,cbramsen4f@nifty.com
161,Koren,khenbury4g@epa.gov
162,Sloan,smaskell4h@e-recht24.de
163,Dena,dcremer4i@feedburner.com
164,Delcine,dhairon4j@google.co.uk
165,Buddy,bcolleford4k@mtv.com
166,Samuel,switnall4l@surveymonkey.com
167,Garnet,gcowperthwaite4m@china.com.cn
168,Marilin,mdegue4n@sun.com
169,Eada,edunster4o@woothemes.com
170,Isobel,irichardet4p@mapquest.com
171,Raff,rmandeville4q@yellowpages.com
172,Doralyn,dmcgilleghole4r@dailymotion.com
173,Pierce,pordelt4s@ed.gov
174,Bruno,brunnacles4t@yelp.com
175,Finn,falben4u@blog.com
176,Francyne,frolstone4v@bigcartel.com
177,Abie,atattershaw4w@apache.org
178,Wilie,wbiasetti4x@surveymonkey.com
179,Ignatius,ivandaalen4y@macromedia.com
180,Kissie,kvittle4z@sphinn.com
181,Ashlin,ajune50@google.nl
182,Winny,wstockell51@xinhuanet.com
183,Jehu,jboard52@ft.com
184,Lesley,lmassei53@rakuten.co.jp
185,Kelsi,kbalkwill54@google.ru
186,Herbert,hgabitis55@ustream.tv
187,Siusan,schristin56@ebay.co.uk
188,Annabel,aradford57@buzzfeed.com
189,Melba,mmacari58@cbslocal.com
190,Alick,abirkmyre59@japanpost.jp
191,Jillana,jfynes5a@tmall.com
192,Hannis,hshippard5b@netlog.com
193,Carilyn,cbarnewell5c@dailymotion.com
194,Kirk,kcowp5d@gravatar.com
195,Helyn,hdas5e@de.vu
196,Lev,lbellay5f@geocities.jp
197,Fonsie,fbeaze5g@t-online.de
198,Lorenzo,lwhereat5h@facebook.com
199,Trescha,tclayfield5i@imdb.com
200,Caresse,cgilyatt5j@vimeo.com
201,Harwilll,hbridges5k@alexa.com
202,Briggs,bskim5l@jalbum.net
203,Stacie,snerne5m@mediafire.com
204,Mirella,mbentall5n@desdev.cn
205,Klement,kdowning5o@phoca.cz
206,Mia,mbeauchop5p@washington.edu
207,Zackariah,zpaoletto5q@pcworld.com
208,Jeramie,jwasielewski5r@princeton.edu
209,Laure,lnelle5s@istockphoto.com
210,Edie,einworth5t@flavors.me
211,Janetta,jclissell5u@meetup.com
212,Cyndie,craden5v@addtoany.com
213,Brodie,bskurray5w@sogou.com
214,Emilee,edaubeny5x@quantcast.com
215,Diann,dsutor5y@soup.io
216,Nefen,nscadding5z@unblog.fr
217,Elianore,edivers60@skype.com
218,Marilin,mschulter61@senate.gov
219,Christy,csamsworth62@ehow.com
220,Coretta,cmagenny63@posterous.com
221,Emmaline,ekinkade64@reverbnation.com
222,Gwyneth,gshreve65@hud.gov
223,Cletus,chedditeh66@bigcartel.com
224,Erl,ekiddy67@ow.ly
225,Cyndie,cyuryaev68@myspace.com
226,Celesta,clisciandro69@deliciousdays.com
227,Jacinthe,jpryde6a@technorati.com
228,Cleavland,cstennine6b@nature.com
229,Minnie,mmattaser6c@opera.com
230,Amanda,aphilipeau6d@cam.ac.uk
231,Rhett,rvarren6e@spotify.com
232,Denice,dhedan6f@parallels.com
233,Dominick,dsalmen6g@businesswire.com
234,Colman,ccastro6h@bigcartel.com
235,Vito,vcoorington6i@foxnews.com
236,Vinita,viacomini6j@si.edu
237,Alvina,adellcasa6k@yellowpages.com
238,Anders,adungate6l@mlb.com
239,Tudor,twithur6m@hao123.com
240,Wang,wduffell6n@nationalgeographic.com
241,Lyndel,lavann6o@epa.gov
242,Ruperta,rskryne6p@ustream.tv
243,Darell,dovill6q@theatlantic.com
244,Maxie,mspeer6r@behance.net
245,Rickie,rmitro6s@goodreads.com
246,Warren,wcloughton6t@diigo.com
247,Callida,cbelin6u@joomla.org
248,Carlotta,cfaltin6v@ustream.tv
249,Lovell,ltenwick6w@ning.com
250,Mariya,mbare6x@ed.gov
251,Toby,tlamey6y@simplemachines.org
252,Annamarie,achettle6z@seattletimes.com
253,Idalia,ikingswoode70@storify.com
254,Fraser,fdeniso71@unblog.fr
255,Neill,nsharphurst72@multiply.com
256,Nikaniki,nlorenzini73@bravesites.com
257,Fiorenze,fschroder74@issuu.com
258,Cash,cbatha75@surveymonkey.com
259,Francene,fdowle76@reddit.com
260,Kacie,krawsthorne77@irs.gov
261,Sydney,sfairlamb78@alexa.com
262,Nathalia,ntrudgeon79@ft.com
263,Lara,lvedishchev7a@smugmug.com
264,Gifford,galliott7b@arizona.edu
265,Larine,lkinnoch7c@netscape.com
266,Lincoln,lcamplin7d@moonfruit.com
267,Dorise,dgenny7e@mapquest.com
268,Elvin,edemicoli7f@skyrock.com
269,Demetria,drowbottom7g@harvard.edu
270,Ulrikaumeko,uhenighan7h@time.com
271,Halli,hbenardette7i@newsvine.com
272,Gilli,gclitherow7j@seesaa.net
273,Tabina,tfairbrass7k@acquirethisname.com
274,Gwyneth,gsamwell7l@purevolume.com
275,Madelin,msandeland7m@census.gov
276,Johnnie,jwhitley7n@gnu.org
277,Sonny,sjeremaes7o@unc.edu
278,Nessie,npittem7p@state.gov
279,Shane,sbooij7q@trellian.com
280,Jodi,jgreenly7r@icio.us
281,Caralie,cwoolfitt7s@hexun.com
282,Karina,krodbourne7t@amazon.com
283,Aarika,atither7u@wikispaces.com
284,Goran,glarrosa7v@prweb.com
285,Viviana,vjaneczek7w@shop-pro.jp
286,Sonya,szmitrichenko7x@t.co
287,Isidoro,inielson7y@kickstarter.com
288,Georgie,gcaesar7z@hugedomains.com
289,Kean,kempringham80@japanpost.jp
290,Wilden,wdionisii81@icq.com
291,Kaycee,kmccourtie82@blogger.com
292,Rosy,rpassfield83@zdnet.com
293,Bride,bcecil84@vinaora.com
294,Maureene,mgrunwald85@dyndns.org
295,Lavinia,lcondit86@sakura.ne.jp
296,Dory,dmellings87@reference.com
297,Kyle,kappleby88@reference.com
298,Hilly,hfrarey89@yahoo.co.jp
299,Regen,rgolde8a@indiatimes.com
300,Marcellus,mrawls8b@whitehouse.gov
301,Rahal,rburgott8c@loc.gov
302,Terrell,tpartener8d@samsung.com
303,Iggie,ilamblot8e@yellowpages.com
304,Torre,toby8f@squarespace.com
305,Mariann,mgligorijevic8g@jugem.jp
306,Brand,bfausset8h@hc360.com
307,Ruth,rlally8i@si.edu
308,Marsha,mmccorkindale8j@slideshare.net
309,Emylee,ekenright8k@github.com
310,Stacy,slaxton8l@cloudflare.com
311,Ashly,amulvin8m@bigcartel.com
312,Blondell,bfillis8n@webeden.co.uk
313,Orin,olowry8o@ucoz.com
314,Clayborne,cdeverose8p@myspace.com
315,Ambur,aswalowe8q@europa.eu
316,Lois,llangmead8r@themeforest.net
317,Lotty,lfearnley8s@posterous.com
318,Lonna,lmccrostie8t@tumblr.com
319,Pattin,pjessel8u@ovh.net
320,Pippy,psoutham8v@tmall.com
321,Ulla,usyer8w@thetimes.co.uk
322,Henriette,hgisbye8x@eepurl.com
323,Agata,afolley8y@marriott.com
324,Emalee,eswiggs8z@cocolog-nifty.com
325,Weylin,wancliff90@bizjournals.com
326,Moira,mclewley91@webmd.com
327,Zorine,zfiler92@census.gov
328,Udall,ulockhurst93@gravatar.com
329,Pebrook,pbosomworth94@jugem.jp
330,Broderic,bdiego95@ucoz.com
331,Candis,cosborne96@amazon.de
332,Paloma,ppaulitschke97@w3.org
333,Lynea,lnewdick98@comcast.net
334,Silvano,skirkwood99@fema.gov
335,Chandra,cwoodroof9a@simplemachines.org
336,Chas,chaglington9b@sciencedaily.com
337,Bobbye,bginity9c@edublogs.org
338,Jerrilee,jyakovlev9d@buzzfeed.com
339,Olin,obenediktsson9e@qq.com
340,Harold,harmin9f@google.com
341,Hastings,hgaytor9g@wikia.com
342,Artair,aortelt9h@mediafire.com
343,Jens,jstillman9i@nhs.uk
344,Lalo,lwestern9j@google.com.au
345,Hana,hpreene9k@typepad.com
346,Ainslee,aeastbrook9l@tumblr.com
347,Merissa,mmoralee9m@yellowbook.com
348,Faustina,fmarney9n@amazon.co.uk
349,Arvy,arae9o@businesswire.com
350,Katharine,kmatthewman9p@google.fr
351,Andriana,arupert9q@google.ca
352,Fanechka,fmelmar9r@mit.edu
353,Granny,gbyers9s@sogou.com
354,Bondy,btatchell9t@nih.gov
355,Kora,kcarss9u@chron.com
356,Vilhelmina,vkeynes9v@bloglines.com
357,Kimmy,klongstaffe9w@msn.com
358,Jeanna,jquiddington9x@examiner.com
359,Fernandina,fvasyukhichev9y@wordpress.com
360,Ari,amcnaughton9z@apple.com
361,Gallagher,gpattlela0@cafepress.com
362,Tomkin,tdoncoma1@census.gov
363,Terrell,thaulkhama2@nhs.uk
364,Fallon,flunaa3@reverbnation.com
365,Laverna,lbarthrupa4@nytimes.com
366,Vale,vfainta5@sitemeter.com
367,Dmitri,dliquorisha6@weather.com
368,Jemmy,jcutfortha7@smh.com.au
369,Xerxes,xferrona8@angelfire.com
370,Krysta,kbidwella9@histats.com
371,Land,lroseamanaa@tinyurl.com
372,Grace,gborkinab@soundcloud.com
373,Walt,wgosnayac@arstechnica.com
374,Randy,rbatchleyad@seesaa.net
375,Raimundo,rlouedeyae@dmoz.org
376,Jude,jtireaf@bbb.org
377,Ilsa,ibinesag@nature.com
378,Nikolaus,nomrodah@sogou.com
379,Torrin,thammarbergai@ox.ac.uk
380,Katharyn,kmaylinaj@bloomberg.com
381,Vince,vaverillak@symantec.com
382,Suzette,syitzovitzal@opera.com
383,Lucille,lbuesdenam@1und1.de
384,Hulda,hmackeoghan@va.gov
385,Northrup,ndachao@whitehouse.gov
386,Kira,kfrankisap@blogger.com
387,Rheba,rthreadgoldaq@tiny.cc
388,Addy,arowbreyar@miitbeian.gov.cn
389,Kevon,kfranzenas@google.com.au
390,Sapphira,spennycuickat@oracle.com
391,Turner,ttolussiau@sphinn.com
392,Link,lboldingav@ibm.com
393,Lelah,lworrillaw@economist.com
394,Chandal,cbrisleyax@quantcast.com
395,Rufe,rjoutapaviciusay@networksolutions.com
396,Blake,bzanicchelliaz@hibu.com
397,Milo,malsopb0@miitbeian.gov.cn
398,Ced,csidgwickb1@ucsd.edu
399,Franciskus,fgrzelewskib2@meetup.com
400,Pauly,pdecarteretb3@businessinsider.com
401,Aleen,averdenb4@twitpic.com
402,Bryn,bcoggellb5@google.co.uk
403,Hendrik,hgalliverb6@bluehost.com
404,Andria,aemmanueleb7@addthis.com
405,Genna,gocurranb8@icio.us
406,Ulrick,udobingb9@prnewswire.com
407,Jeremiah,jdalgettyba@goo.gl
408,Clarette,ceastopbb@msn.com
409,Krishnah,kcorcoranbc@examiner.com
410,Vincenty,vhaversumbd@auda.org.au
411,Niki,ngavahanbe@yelp.com
412,Shani,sdosdillbf@nyu.edu
413,Jennilee,jreeveleybg@taobao.com
414,Deina,dwellwoodbh@taobao.com
415,Griffie,ggrabehambi@devhub.com
416,Hetty,hcastlakebj@mapquest.com
417,Natassia,nselveybk@unesco.org
418,Bevan,bmullallybl@example.com
419,Moe,msprostonbm@yelp.com
420,Isa,ihatherleighbn@google.pl
421,Mathilda,mbraxtonbo@netscape.com
422,Gare,gstuehmeierbp@yellowbook.com
423,Austin,aeslandbq@thetimes.co.uk
424,Gert,glongmanbr@rambler.ru
425,Bartolemo,batthowbs@wufoo.com
426,Marjorie,mchesnutbt@webnode.com
427,Scarlett,srizzobu@wikipedia.org
428,Antonetta,acheynebv@1688.com
429,Maren,mshalesbw@salon.com
430,Lotte,lsaipybx@storify.com
431,Selena,satterby@behance.net
432,Rupert,ronealbz@pcworld.com
433,Timoteo,ttremmelc0@examiner.com
434,Torie,telverstonc1@stumbleupon.com
435,Christine,cshakespearc2@fema.gov
436,Liv,lmarnanec3@hc360.com
437,Adela,adukesc4@umich.edu
438,Dawn,dmushrowc5@sourceforge.net
439,Chan,cwibrewc6@state.tx.us
440,Perri,pcaudelierc7@domainmarket.com
441,Erek,eteapec8@dedecms.com
442,Nicoline,nosharryc9@goo.gl
443,Angelia,aheggsca@angelfire.com
444,Mattie,mburtonshawcb@exblog.jp
445,Mara,mculbertcc@blogtalkradio.com
446,Elsbeth,emccarneycd@ox.ac.uk
447,Darell,dwintersgillce@ifeng.com
448,Walther,wleatoncf@chron.com
449,Lydia,lsimkincg@economist.com
450,Urbanus,uklavesch@odnoklassniki.ru
451,Shell,swindrassci@sciencedirect.com
452,Yvor,yworshamcj@cbc.ca
453,Violette,vwittringtonck@ca.gov
454,Natka,nrowstoncl@biblegateway.com
455,Joy,jlupartocm@marketwatch.com
456,Spence,smcveecn@rakuten.co.jp
457,Bernadina,blippinico@dot.gov
458,Janella,jjadoscp@nba.com
459,Jade,jwroathcq@gravatar.com
460,Jaimie,jorrincr@topsy.com
461,Wynnie,wscotchmoorcs@about.me
462,Harlan,hcrossfeldct@google.it
463,Verene,vjoinseycu@joomla.org
464,Dianna,dpinillacv@dedecms.com
465,Ced,cadamovitchcw@timesonline.co.uk
466,Marybelle,mmccartercx@prnewswire.com
467,Hally,hswannickcy@un.org
468,Audrie,amaroncz@answers.com
469,Darrell,ddraayerd0@hp.com
470,Emelen,eianiellod1@studiopress.com
471,Alon,aserrierd2@blogspot.com
472,Catarina,cgeked3@issuu.com
473,Anita,adeluzed4@examiner.com
474,Lutero,ldoblind5@bbb.org
475,Jorge,jmitkovd6@dot.gov
476,Gwenora,gosheerind7@senate.gov
477,Jephthah,jabysd8@archive.org
478,Elijah,esutcliffed9@so-net.ne.jp
479,Kali,kgreatexda@slideshare.net
480,Bessie,bfolkarddb@amazon.de
481,Hamlin,hbeasantdc@51.la
482,Viva,vmassendd@example.com
483,Carlina,cveldede@w3.org
484,Jeanine,jlamballdf@taobao.com
485,Michel,myoudedg@google.ca
486,Faunie,flandersdh@pcworld.com
487,Alleen,avannikovdi@uiuc.edu
488,Donavon,dhumedj@biglobe.ne.jp
489,Ximenes,xskamelldk@va.gov
490,Harmon,hgostlingdl@wunderground.com
491,Shea,swrangledm@washingtonpost.com
492,Hendrick,hloftusdn@unesco.org
493,Massimo,mlegalledo@si.edu
494,Suzanne,sochiltreedp@cbsnews.com
495,Farica,fcoldridgedq@wsj.com
496,Ardene,adoodydr@nih.gov
497,Arthur,astaleyds@japanpost.jp
498,Mervin,mbattrumdt@businessweek.com
499,Flo,fadenotdu@harvard.edu
500,Rey,rcleveleydv@newsvine.com
501,Mary,mayarsdw@phpbb.com
502,Tildi,tgoldsterdx@cdbaby.com
503,Taddeusz,thicklingbottomdy@seesaa.net
504,Steffane,sgainsburydz@histats.com
505,Barthel,bharbache0@chronoengine.com
506,Haydon,hastone1@bloomberg.com
507,Ethelbert,edickingse2@examiner.com
508,Kory,kgramere3@t-online.de
509,Tabor,tgrisleye4@oakley.com
510,Ailey,apechae5@si.edu
511,Yoshi,ymaye6@dmoz.org
512,Craggie,cfrankese7@wordpress.com
513,Luciano,lnottinghame8@rakuten.co.jp
514,Merralee,mscollicke9@webnode.com
515,Webster,weyreea@tripadvisor.com
516,Duky,dnewlandseb@telegraph.co.uk
517,Jenilee,jleitherec@so-net.ne.jp
518,Rickie,rcassellsed@tiny.cc
519,Mario,mliversidgeee@studiopress.com
520,Tyson,tmccrillisef@ft.com
521,Cornelius,cheasleyeg@hud.gov
522,Mirabelle,mmatyushonokeh@pcworld.com
523,Murray,mdelgardoei@newsvine.com
524,Maribelle,mhalburtonej@dion.ne.jp
525,Giffard,gosgerbyek@columbia.edu
526,Barbi,bbenneyworthel@deliciousdays.com
527,Verla,vphrippem@trellian.com
528,Stanleigh,scameliaen@reference.com
529,Paige,pbiddelleo@discuz.net
530,Danila,denterleep@hostgator.com
531,Dori,dbarukheq@friendfeed.com
532,Doreen,dfookeser@nature.com
533,Tabbi,tlanganes@fc2.com
534,Celestina,cayshfordet@ted.com
535,Franny,fwigfalleu@instagram.com
536,Christi,cmcclenaghanev@oracle.com
537,Burk,bpancostew@alibaba.com
538,Devinne,dblenkinshipex@tinyurl.com
539,Row,rmcgunleyey@phpbb.com
540,Nevin,ngillionsez@time.com
541,Andreana,amarrisf0@rakuten.co.jp
542,Eachelle,ezollnerf1@comsenz.com
543,Rudolf,rdagwellf2@uol.com.br
544,Honor,htunstallf3@1688.com
545,Ammamaria,aclemenceauf4@marketwatch.com
546,Ashley,adenzilowf5@marketwatch.com
547,Obie,oowensf6@theguardian.com
548,Harley,hhenkef7@rambler.ru
549,Keane,ksaterthwaitf8@github.com
550,Emily,edonalsonf9@imgur.com
551,Caspar,cpoynserfa@hugedomains.com
552,Cindra,cfeldheimfb@bbb.org
553,Glyn,gneillansfc@4shared.com
554,Ludovika,lrolfinifd@dyndns.org
555,Ira,ileaskfe@tuttocitta.it
556,Rabi,rwhaleff@cmu.edu
557,Slade,seddisforthfg@list-manage.com
558,Hebert,hbearcockfh@soundcloud.com
559,Hadlee,hearlandfi@accuweather.com
560,Anderea,adighthamfj@t.co
561,Betta,bpreedyfk@cnet.com
562,Ruben,rsanchofl@tumblr.com
563,Gabbie,gfareyfm@wisc.edu
564,Wendi,wraynesfn@noaa.gov
565,Celle,celamfo@squidoo.com
566,Marne,mcoffeltfp@youtube.com
567,Ammamaria,aposchelfq@cloudflare.com
568,Brigida,blangtreefr@earthlink.net
569,Tuesday,tcarayolfs@goodreads.com
570,Perry,pstambridgeft@sourceforge.net
571,Collin,cstockfordfu@ft.com
572,Toddie,tpenhaligonfv@infoseek.co.jp
573,Durant,dconrefw@oakley.com
574,Christiane,cpettusfx@rambler.ru
575,Tomasine,tpauleyfy@aboutads.info
576,Elspeth,eariesfz@webeden.co.uk
577,Fin,fskellerng0@unblog.fr
578,Ardys,agilmarting1@salon.com
579,Leigh,lbertg2@gravatar.com
580,Pauli,pstarcksg3@springer.com
581,Renate,rmunroeg4@parallels.com
582,Bevan,baulsfordg5@wordpress.org
583,Cecile,cgrishing6@msu.edu
584,Elwin,eelesg7@thetimes.co.uk
585,Charis,cbradlaughg8@mac.com
586,Omar,omcraeg9@prweb.com
587,Field,fhainesga@freewebs.com
588,Anjela,amigheligb@mit.edu
589,Heywood,hmccardlegc@hibu.com
590,Mariel,mpicknettgd@economist.com
591,Eleonora,eyallowleyge@com.com
592,Westleigh,wdowleygf@bravesites.com
593,Sigfried,sphilippsohngg@cbsnews.com
594,Eddy,eferbrachegh@spiegel.de
595,Brena,bmullingi@msu.edu
596,Aeriel,aramptongj@answers.com
597,Rory,rgaltonegk@amazon.de
598,Maureen,mmartusovgl@blogs.com
599,Scarlett,sprazorgm@sciencedirect.com
600,Fowler,fbutterwickgn@ning.com
601,Munmro,mupshallgo@gov.uk
602,Agathe,awarrackgp@pagesperso-orange.fr
603,Leyla,lladewiggq@imdb.com
604,Noah,nfearfullgr@intel.com
605,Caron,cburkillgs@slashdot.org
606,Elnar,epicklegt@ox.ac.uk
607,Adrienne,asitchgu@army.mil
608,Devonna,drodgmangv@spiegel.de
609,Gwenneth,gisabellgw@examiner.com
610,Evelin,eendecottgx@creativecommons.org
611,Lionel,lvanshingy@stumbleupon.com
612,Kanya,knettlegz@bloomberg.com
613,Joyous,jbilneyh0@usa.gov
614,Timofei,tvasich1@dmoz.org
615,Uta,ucowillh2@dmoz.org
616,Billie,baxelbeeh3@telegraph.co.uk
617,Addi,ajanjich4@w3.org
618,Barrett,bconkayh5@redcross.org
619,Mariann,mbartosikh6@unesco.org
620,Verena,vwarehamh7@cdc.gov
621,Danice,dyukhninh8@msn.com
622,Fania,fgabbitish9@loc.gov
623,Belle,bmoxsonha@oracle.com
624,Rowen,rdecruzehb@hhs.gov
625,Hobie,htenniswoodhc@shutterfly.com
626,Maryrose,mmccarrollhd@bloglovin.com
627,Phyllida,pridulfohe@ocn.ne.jp
628,Ira,irisboroughhf@apache.org
629,Conrado,chelleckashg@dagondesign.com
630,Marice,mcampkinhh@latimes.com
631,Job,jmactrustiehi@craigslist.org
632,Nisse,ntriplowhj@mit.edu
633,Porter,pchoathk@live.com
634,Sydelle,smcgraghhl@xinhuanet.com
635,Myca,mplewrighthm@bloomberg.com
636,Mycah,mdudgeonhn@wired.com
637,Latrina,lkiralyho@arizona.edu
638,Derrick,ddelascihp@123-reg.co.uk
639,Ron,rgreenwoodhq@ehow.com
640,Deonne,dildenhr@discuz.net
641,Kyla,klowershs@businesswire.com
642,Agretha,abourneht@who.int
643,Selia,semnoneyhu@latimes.com
644,Maryanna,mcobbyhv@cloudflare.com
645,Matilde,mvanyushinhw@princeton.edu
646,Maribelle,mpymmhx@mail.ru
647,Yorker,yoadehy@mtv.com
648,Cairistiona,cmcilreavyhz@sbwire.com
649,Husein,hrobertaccii0@deliciousdays.com
650,Hatty,hriggotti1@blinklist.com
651,Verene,vmoensi2@springer.com
652,Stesha,sdanelsi3@is.gd
653,Morlee,mworlingi4@ebay.com
654,Jason,jweldoni5@tinyurl.com
655,Willy,wmutchi6@bizjournals.com
656,Jerad,jsporgeoni7@businessweek.com
657,Orton,ohoulthami8@rediff.com
658,Maribelle,mpavyeri9@intel.com
659,Evanne,edavidsenia@phoca.cz
660,Rosaline,rhitzmannib@wordpress.com
661,Licha,larnholdic@slideshare.net
662,Dianna,dsauvenid@wikipedia.org
663,Ashlee,astolliie@drupal.org
664,Shaylynn,switzif@home.pl
665,Man,mdoidgeig@nbcnews.com
666,Carrissa,cjenteauih@drupal.org
667,Lizzy,lgallifontii@wikimedia.org
668,Reese,rlansdownij@smh.com.au
669,Ora,ozanniniik@joomla.org
670,Tedman,tbelseyil@seesaa.net
671,Marylynne,mtreppasim@squidoo.com
672,Kirby,kchisnallin@nba.com
673,Caleb,ccondellio@technorati.com
674,Rolland,rallewellip@latimes.com
675,Cornie,celhamiq@craigslist.org
676,Frederica,fferberir@ow.ly
677,Bartram,bbernis@multiply.com
678,Camellia,cmayburyit@virginia.edu
679,Constantia,cknealeiu@opera.com
680,Iolanthe,ipirdyiv@technorati.com
681,Seamus,sinfantinoiw@networksolutions.com
682,Darcey,dbantonix@naver.com
683,Juliann,jbamlingiy@cpanel.net
684,Gardiner,gpedderseniz@instagram.com
685,Mellie,mjenkingj0@tumblr.com
686,Jo ann,jnewcomenj1@un.org
687,Trefor,twellj2@desdev.cn
688,Margit,mverilloj3@paypal.com
689,Dalia,dworcsj4@squidoo.com
690,Bjorn,bstoakleyj5@usa.gov
691,Germain,gtomczakj6@photobucket.com
692,Carlyn,cblackwayj7@instagram.com
693,Abelard,avaladezj8@blogspot.com
694,Chastity,cbarrackj9@patch.com
695,Dukey,dsquirrelja@noaa.gov
696,Petronia,pdanzigjb@com.com
697,Dee,dbignelljc@sun.com
698,Brande,bhanleyjd@cafepress.com
699,Arly,amountfordje@accuweather.com
700,Page,pcawtherayjf@soup.io
701,Stafani,smenchentonjg@nhs.uk
702,Briant,bhammattjh@blogspot.com
703,Violetta,vmcgowingji@acquirethisname.com
704,Danny,dslyfordjj@shinystat.com
705,Shanta,scluckiejk@nationalgeographic.com
706,Catina,cmorfieldjl@ca.gov
707,Ronda,rcorreajm@nba.com
708,Richmound,rmolloyjn@cornell.edu
709,Querida,qohmjo@yolasite.com
710,Marjorie,mhaspinealljp@samsung.com
711,Jelene,jphilpotjq@icq.com
712,Austen,asouthernsjr@fema.gov
713,Clary,ccramptonjs@constantcontact.com
714,Boniface,bstoakjt@ucla.edu
715,Adi,abreenju@soup.io
716,Sophi,srytonjv@imgur.com
717,Nicko,nmcveighjw@discuz.net
718,Bartholomeus,breddyjx@myspace.com
719,Afton,abandtjy@house.gov
720,Myrtia,mpemberjz@dion.ne.jp
721,Perry,ppearcyk0@zdnet.com
722,Gauthier,gmccrackemk1@gizmodo.com
723,Roxanna,rkeattchk2@hhs.gov
724,Ludovika,lwindsork3@delicious.com
725,Eli,etourotk4@unesco.org
726,Minette,mreadmank5@mapquest.com
727,Rupert,rmilhamk6@usnews.com
728,Faun,flievesleyk7@mapquest.com
729,Red,rjansak8@hao123.com
730,Venita,vmawdittk9@exblog.jp
731,Aguistin,awattska@fema.gov
732,Farrah,fstpierrekb@exblog.jp
733,Roch,rzavattierikc@thetimes.co.uk
734,Broddie,blineskd@cloudflare.com
735,Romeo,roldroydke@craigslist.org
736,Chick,ccastagnokf@arstechnica.com
737,Jasper,jfloodgatekg@apache.org
738,Marlin,mbushillkh@hugedomains.com
739,Jacklin,jceccoliki@phpbb.com
740,Joel,jellerkj@dailymail.co.uk
741,Noelle,ncrumpkk@a8.net
742,Terri-jo,twardkl@sun.com
743,Skippy,svedyaevkm@fema.gov
744,Pen,phoflerkn@wisc.edu
745,Milissent,mwhittickko@ucoz.ru
746,Daron,dpoelkp@google.fr
747,Bryanty,bcoverlynkq@yandex.ru
748,Daphna,dgobbetkr@buzzfeed.com
749,Jacklyn,jtompsettks@blogger.com
750,Helena,hwoodworthkt@java.com
751,Veriee,vbellworthyku@constantcontact.com
752,Michail,mkeddykv@netvibes.com
753,Mano,mtrimekw@globo.com
754,Marj,mbugdenkx@guardian.co.uk
755,Chick,ccindereyky@msu.edu
756,Lawrence,lcultchethkz@stumbleupon.com
757,Debora,dwisniowskil0@eventbrite.com
758,Kissee,ktzarkovl1@youtube.com
759,Gianna,gbrandaccil2@dagondesign.com
760,Tildie,tewestacel3@kickstarter.com
761,Broderic,bmichelll4@senate.gov
762,Ozzie,oduthiel5@deliciousdays.com
763,Clementia,chenrichsl6@free.fr
764,Orly,ofilchakovl7@stumbleupon.com
765,Deidre,dreal8@scientificamerican.com
766,Abbot,alatanl9@twitter.com
767,Marylou,mwhitecrossla@imageshack.us
768,Sebastien,sswancottlb@telegraph.co.uk
769,Suzanna,schattocklc@biblegateway.com
770,Marianne,mpinnockld@alexa.com
771,Lodovico,ltolletle@shop-pro.jp
772,Fidel,fallanlf@flickr.com
773,Eartha,etowardlg@tinyurl.com
774,Shaine,srosenbloomlh@guardian.co.uk
775,Ara,amablyli@google.es
776,Jessy,jpittemlj@wiley.com
777,Juieta,jwiggalllk@wisc.edu
778,Peggy,pnormandll@adobe.com
779,Joscelin,jparmbylm@altervista.org
780,Mala,msabinln@clickbank.net
781,Arluene,ascholerlo@statcounter.com
782,Myrle,mbenwelllp@i2i.jp
783,Horst,hbenfordlq@wired.com
784,Joby,jghelerdinilr@acquirethisname.com
785,Lorelle,laleixols@toplist.cz
786,Caz,cakasterlt@soundcloud.com
787,Broderick,bsprakelu@yahoo.com
788,Holly,hshemeltlv@jimdo.com
789,Neala,nbadcocklw@furl.net
790,Niccolo,nfearnilllx@uol.com.br
791,Yorgo,yfigginsly@wix.com
792,Roseann,rbelfieldlz@ow.ly
793,Porter,pdudlestonem0@nymag.com
794,Melisse,mhileym1@latimes.com
795,Donalt,dgarterm2@techcrunch.com
796,Jeniece,jdrooganm3@exblog.jp
797,Gloriane,ggiordanom4@lulu.com
798,Henrie,hscotchmoorm5@weibo.com
799,Bette,bcrazem6@icio.us
800,Fredrika,fhuotm7@hostgator.com
801,Stevy,stedmanm8@multiply.com
802,Johan,jkattm9@telegraph.co.uk
803,Aileen,asargema@mashable.com
804,Quincy,qtschiersemb@berkeley.edu
805,Winfred,wmclisemc@squidoo.com
806,Flory,fsoulsbymd@cloudflare.com
807,Nance,nhamssonme@shinystat.com
808,Billy,bhastymf@hao123.com
809,Evin,emacdunlevymg@newsvine.com
810,George,gfollenmh@omniture.com
811,Maureen,meveleighmi@artisteer.com
812,Tally,tlafflinamj@zimbio.com
813,Robbin,rjorczykmk@ask.com
814,Nell,nlynasml@apple.com
815,Buiron,bskinleymm@ox.ac.uk
816,Shermy,sbenediktovichmn@buzzfeed.com
817,Brier,bjulienmo@jugem.jp
818,Kienan,kganforthemp@ebay.co.uk
819,Shayla,smorvillemq@bizjournals.com
820,Noam,nfarnfieldmr@people.com.cn
821,Tiertza,tdeaguirrems@geocities.jp
822,Alric,afellsmt@yellowpages.com
823,Nanette,ntattersillmu@slideshare.net
824,Hamish,hrihamv@blogger.com
825,Flin,fgorriesmw@eventbrite.com
826,Trever,twhetsonmx@sphinn.com
827,Ruggiero,rweatherhillmy@wunderground.com
828,Von,vtrathanmz@cam.ac.uk
829,Tyson,tmerralln0@washingtonpost.com
830,Dunn,dcleftn1@yahoo.co.jp
831,Lance,lswabyn2@wikimedia.org
832,Rosalinda,raleksandrevn3@apple.com
833,Findlay,fmckinlayn4@istockphoto.com
834,Ursuline,ugreenoughn5@dyndns.org
835,Cariotta,cstricklern6@earthlink.net
836,Giacinta,gstangen7@ocn.ne.jp
837,Hedy,hleslien8@hostgator.com
838,Shelbi,sfennersn9@amazon.com
839,Callie,cdeortegana@arizona.edu
840,Rickie,rprowtingnb@gnu.org
841,Pearla,ptomblinnc@ocn.ne.jp
842,Sarajane,smapesnd@aboutads.info
843,Marty,mmcclunaghanne@cmu.edu
844,Hamlin,hpatshullnf@about.me
845,Hewe,hcastellang@google.es
846,Dora,doldisnh@wufoo.com
847,Clevey,celseyni@bigcartel.com
848,Jennie,jwhitelynj@indiegogo.com
849,Hew,hkinnocknk@sitemeter.com
850,Bay,btilleynl@sciencedaily.com
851,Pierre,pfancuttnm@bing.com
852,Farris,fwestlakenn@zdnet.com
853,Kippy,kmoormanno@reference.com
854,Christoffer,cbromidgenp@nbcnews.com
855,Lizzie,landreichiknq@studiopress.com
856,Michaeline,msimmonettnr@oaic.gov.au
857,Niel,nfairholmns@studiopress.com
858,Raven,rhedonnt@imgur.com
859,Cherilynn,ciansonnu@bigcartel.com
860,Caron,chuygenv@craigslist.org
861,Eydie,ecambdennw@epa.gov
862,Cam,ctrobenx@trellian.com
863,Fay,frappportny@jigsy.com
864,Pierce,pcroysdalenz@aboutads.info
865,Adelina,anoodso0@sun.com
866,Cherida,cnovelloo1@epa.gov
867,Ellis,eviteto2@tinyurl.com
868,Imogene,idearloveo3@wsj.com
869,Marlon,mschultheisso4@i2i.jp
870,Lyndsay,lguillemo5@fc2.com
871,Lizzy,lmacvicaro6@ovh.net
872,Sherri,scrispino7@census.gov
873,Ortensia,oattyeoo8@cnbc.com
874,Richardo,rcaltono9@delicious.com
875,Kory,ktocknelloa@cloudflare.com
876,Law,lklessmannob@wikimedia.org
877,Fayth,fbisterfeldoc@berkeley.edu
878,Clerkclaude,cchetwyndod@reddit.com
879,Sheffie,srodenoe@businessinsider.com
880,Beltran,bgeelyof@amazon.co.uk
881,Kylila,khorlockog@hugedomains.com
882,Gerianne,ghelmkeoh@abc.net.au
883,Inigo,imcomishoi@bloglovin.com
884,Lynnell,loutibridgeoj@yellowpages.com
885,Onfre,ovansaltsbergok@bloomberg.com
886,Agnella,asarsonsol@arstechnica.com
887,Allison,abradockom@ask.com
888,Ellerey,ebreinleinon@adobe.com
889,Lincoln,lphilpottsoo@slate.com
890,Francyne,fgatrillop@shop-pro.jp
891,Sheffy,ssextenoq@amazonaws.com
892,Miller,mdelatouror@i2i.jp
893,Dieter,ddreinanos@ucsd.edu
894,Manolo,mcowburnot@globo.com
895,Willard,wclimarou@elpais.com
896,Alfie,ateagerov@ca.gov
897,Winnifred,wdunksow@hhs.gov
898,Kata,kgronowox@sakura.ne.jp
899,Law,lbeardselloy@google.com
900,Alexis,amolnaroz@rediff.com
901,Edmon,egaleap0@businessinsider.com
902,Roby,rhaironp1@state.tx.us
903,Amalea,ahamfleetp2@github.com
904,Wiatt,wpeltzerp3@xrea.com
905,Gretel,gquinnp4@nih.gov
906,Idelle,inicep5@w3.org
907,Mirna,modgersp6@nsw.gov.au
908,Clari,clightbournep7@creativecommons.org
909,Sherry,slowtenp8@businessweek.com
910,Sunny,svashchenkop9@bandcamp.com
911,Jacob,jdelafontpa@paypal.com
912,Susanna,sbrabonpb@nps.gov
913,Vivian,vfilasovpc@pen.io
914,Tansy,tpolinipd@amazon.co.jp
915,Orelie,oingyonpe@reverbnation.com
916,Harlen,hbywaypf@fc2.com
917,Garik,glorandpg@linkedin.com
918,Spencer,sskellingtonph@apple.com
919,Miles,mclucaspi@upenn.edu
920,Leticia,lbeechingpj@ox.ac.uk
921,Davide,dspositopk@pbs.org
922,Jason,jhyronspl@sun.com
923,Kandace,kpimmpm@sourceforge.net
924,Shandeigh,schandlarpn@feedburner.com
925,Nydia,nelcepo@aboutads.info
926,Flynn,fvickerstaffpp@samsung.com
927,Jessamyn,jduchesnepq@ft.com
928,Britt,bhalwillpr@cdc.gov
929,Marne,mbraunsteinps@nyu.edu
930,Cornie,cbathoept@wikia.com
931,Nehemiah,nmcgonnellpu@hexun.com
932,Sonnnie,sneathpv@japanpost.jp
933,Shellie,sshillingpw@nhs.uk
934,Livvy,lwedlockpx@ihg.com
935,Renate,rmarietonpy@reverbnation.com
936,Annice,aseabrightpz@illinois.edu
937,Filia,fcaskieq0@prweb.com
938,Peggy,pbirdwistleq1@cbsnews.com
939,Erma,evanarsdallq2@sitemeter.com
940,Shanta,schasteauq3@rediff.com
941,Ramon,rtilbrookq4@bluehost.com
942,Galina,gtarpeyq5@tamu.edu
943,Kathrine,kmcilwrickq6@epa.gov
944,Imojean,icrichtenq7@blogger.com
945,Rodina,rhawardq8@blinklist.com
946,Bridgette,bgomesq9@naver.com
947,Hildagarde,hsofeqa@hatena.ne.jp
948,Deeann,dewanqb@imdb.com
949,Alfred,agarrardqc@squidoo.com
950,Wade,wsykesqd@patch.com
951,Pearla,pstorahqe@myspace.com
952,Ermin,edorewardqf@infoseek.co.jp
953,Mikael,mworssamqg@mashable.com
954,Lizabeth,ltantrumqh@webeden.co.uk
955,Dame,dcostarqi@theatlantic.com
956,Delphine,dsalewayqj@usa.gov
957,Devin,dgewerqk@apple.com
958,Lianna,ljindacekql@cbslocal.com
959,Mina,mpeotzqm@mozilla.com
960,Jan,jfetherstoneqn@cornell.edu
961,Ari,atedstoneqo@newsvine.com
962,Elnar,esprulesqp@columbia.edu
963,Jeannette,jdemangeonqq@geocities.com
964,Sheree,sfassmannqr@ihg.com
965,Inigo,iskittleqs@boston.com
966,Ely,eambrogioqt@harvard.edu
967,Brandy,bphillippqu@nih.gov
968,Alysa,apuddingqv@zdnet.com
969,Mella,mblanningqw@goodreads.com
970,Cirilo,cbetancourtqx@nature.com
971,Zerk,zprahmqy@newsvine.com
972,Madelle,madkinqz@thetimes.co.uk
973,Evvy,escarasbrickr0@tripod.com
974,Fletch,fsheppardr1@furl.net
975,Corly,cpardoer2@artisteer.com
976,Suzanne,scattrellr3@moonfruit.com
977,Damian,djobesr4@uol.com.br
978,Gibbie,groslenr5@de.vu
979,Dominik,dcouchmanr6@tripod.com
980,Sully,sduboisr7@dropbox.com
981,Allys,amanilover8@slideshare.net
982,Natassia,nwhaplingtonr9@adobe.com
983,Mikol,mtwelftreera@imdb.com
984,Abbot,afallawerb@t.co
985,Jemmy,jjonkrc@hp.com
986,Lynne,lbernocchird@discovery.com
987,Tedra,tdurbridgere@msn.com
988,Nat,ngonetrf@prlog.org
989,Emelina,ecompfortrg@shinystat.com
990,Banky,bjanewayrh@hhs.gov
991,Bernie,bkopacekri@is.gd
992,Boothe,bsallarierj@mac.com
993,Gwendolyn,gwyclifferk@marriott.com
994,Enrique,eboothrl@gravatar.com
995,Rachele,rgodbertrm@opensource.org
996,Janeen,joddeyrn@cargocollective.com
997,Audrey,anuttonro@blogspot.com
998,Hagan,hgatmanrp@yelp.com
999,Ruggiero,rwiskarrq@printfriendly.com
1000,Monte,mquinanerr@hatena.ne.jp
